season,round,rainfall,avg_air_temp,avg_track_temp,avg_humidity,avg_wind_speed,max_track_temp
2018,1,True,24.077477477477483,36.324324324324316,30.91531531531532,3.6918918918918915,38.9
